{"cameraMode":{"drawMode":0,"name":"Shaded","section":"Shading Mode"},"sceneLighting":true,"audioPlay":false,"sceneViewState":{"showFog":true,"showMaterialUpdate":false,"showSkybox":true,"showFlares":true,"showImageEffects":true,"showParticleSystems":true},"in2DMode":false,"pivot":{"x":1.6461724042892457,"y":6.367292404174805,"z":-0.07851561903953552},"rotation":{"x":-0.4653558135032654,"y":0.1672450751066208,"z":-0.09002651274204254,"w":-0.8645045757293701},"size":18.84621810913086,"orthographic":false}